nombre,url,region,categoria
Municipalidad Provincial de Casma (MPC),https://www.gob.pe/municasma,Ancash,Municipalidad Provincial
Municipalidad Provincial de Huaraz (MPH),https://www.gob.pe/munihuaraz,Ancash,Municipalidad Provincial
Municipalidad Provincial de Arequipa (MPA),https://www.gob.pe/muniarequipa,Arequipa,Municipalidad Provincial
Municipalidad Provincial de Castilla - Arequipa (MPC),https://www.gob.pe/municastilla-arequipa,Arequipa,Municipalidad Provincial
Municipalidad Provincial de Cajamarca (MPC),https://www.gob.pe/municajamarca,Cajamarca,Municipalidad Provincial
Municipalidad Provincial de Jaén (MPJ),https://www.gob.pe/munijaen,Cajamarca,Municipalidad Provincial
Municipalidad Provincial del Cusco (MPC),https://www.gob.pe/municusco,Cusco,Municipalidad Provincial
Municipalidad Provincial de Huancavelica (MPH),https://www.gob.pe/munihuancavelica,Huancavelica,Municipalidad Provincial
Municipalidad Provincial de Huánuco (MPH),https://www.gob.pe/munihuanuco,Huánuco,Municipalidad Provincial
Municipalidad Provincial de Chincha (MPCH),https://www.gob.pe/munichincha,Ica,Municipalidad Provincial
Municipalidad Provincial de Ica (MPIca),https://www.gob.pe/muniica,Ica,Municipalidad Provincial
Municipalidad Provincial de Concepción (MPC),https://www.gob.pe/municoncepcion-junin,Junín,Municipalidad Provincial
Municipalidad Provincial de Huancayo (MPH),https://www.gob.pe/munihuancayo,Junín,Municipalidad Provincial
Municipalidad Provincial de Ascope (MPAscope),https://www.gob.pe/muniascope,La Libertad,Municipalidad Provincial
Municipalidad Provincial de Pacasmayo (MPP),https://www.gob.pe/munipacasmayo,La Libertad,Municipalidad Provincial
Municipalidad Provincial de Trujillo (MPT),https://www.gob.pe/munitrujillo,La Libertad,Municipalidad Provincial
Municipalidad Provincial de Chiclayo (MPCH),https://www.gob.pe/munichiclayo,Lambayeque,Municipalidad Provincial
Municipalidad Provincial de Ferreñafe (MPF),https://www.gob.pe/muniferrenafe,Lambayeque,Municipalidad Provincial
Municipalidad Provincial de Barranca (MPB),https://www.gob.pe/munibarranca,Lima,Municipalidad Provincial
Municipalidad Provincial de Huaura (MPH),https://www.gob.pe/munihuaura,Lima,Municipalidad Provincial
Municipalidad Metropolitana de Lima (MML),https://www.gob.pe/munilima,Lima,Municipalidad Provincial
Municipalidad Provincial de Pasco (MPP),https://www.gob.pe/munipasco,Pasco,Municipalidad Provincial
Municipalidad Provincial de Sullana (MPS),https://www.gob.pe/munisullana,Piura,Municipalidad Provincial
Municipalidad Provincial de Piura (MPP),https://www.gob.pe/munipiura,Piura,Municipalidad Provincial
Municipalidad Provincial de Azángaro (MPA),https://www.gob.pe/muniazangaro,Puno,Municipalidad Provincial
Municipalidad Provincial de Puno (MPP),https://www.gob.pe/munipuno,Puno,Municipalidad Provincial
Municipalidad Provincial de Moyobamba (MPM),https://www.gob.pe/munimoyobamba,San Martín,Municipalidad Provincial
Municipalidad Provincial Jorge Basadre (MPJB),https://www.gob.pe/munijorgebasadre,Tacna,Municipalidad Provincial
Municipalidad Provincial de Tacna (MPT),https://www.gob.pe/munitacna,Tacna,Municipalidad Provincial
Municipalidad Provincial de Coronel Portillo (MPCP),https://www.gob.pe/municoronelportillo,Ucayali,Municipalidad Provincial
