nombre,url,categoria
Inicio,https://www.gob.pe/,Por clasificar
El Estado,https://www.gob.pe/estado,Por clasificar
Entidades del Poder Ejecutivo,https://www.gob.pe/estado/poder-ejecutivo,Por clasificar
Entidades del Poder Legislativo,https://www.gob.pe/estado/poder-legislativo,Por clasificar
Entidades del Poder Judicial,https://www.gob.pe/estado/poder-judicial,Por clasificar
Organismos Autónomos,https://www.gob.pe/estado/organismos-autonomos,Por clasificar
Entidades de los Gobiernos Regionales,https://www.gob.pe/estado/gobiernos-regionales,Por clasificar
Entidades de los Gobiernos Locales,https://www.gob.pe/estado/gobiernos-locales,Por clasificar
Presidencia de la República del Perú (Presidencia),https://www.gob.pe/presidencia,Por clasificar
Presidencia del Consejo de Ministros (PCM),https://www.gob.pe/pcm,Por clasificar
Web de Presidencia del Consejo de Ministros,http://www.gob.pe/pcm,Por clasificar
Comisión Multisectorial de la Acción del Estado en El Ámbito Marítimo (Comaem),https://www.gob.pe/comaem,Por clasificar
Comisión Nacional para El Desarrollo y Vida Sin Drogas (DEVIDA),https://www.gob.pe/devida,Por clasificar
Dirección Nacional de Inteligencia (DINI),https://www.gob.pe/dini,Por clasificar
Organismo de Supervisión de los Recursos Forestales y de Fauna Silvestre (OSINFOR),https://www.gob.pe/osinfor,Por clasificar
Autoridad Nacional de Infraestructura (ANIN),https://www.gob.pe/anin,Por clasificar
Organismo Supervisor de Inversión Privada en Telecomunicaciones (OSIPTEL),https://www.gob.pe/osiptel,Por clasificar
Organismo Supervisor de la Inversión en Energía y Minería (OSINERGMIN),https://www.gob.pe/osinergmin,Por clasificar
Organismo Supervisor de la Inversión en Infraestructura de Transporte de Uso Público (OSITRAN),https://www.gob.pe/ositran,Por clasificar
Superintendencia Nacional de Servicios de Saneamiento (SUNASS),https://www.gob.pe/sunass,Por clasificar
Empresa Municipal Prestadora de Servicios de Saneamiento de las Provincias Alto Andinas S.A. (Empssapal S.A.),https://www.gob.pe/empssapal,Por clasificar
Autoridad Nacional del Servicio Civil (SERVIR),https://www.gob.pe/servir,Por clasificar
Escuela Nacional de Administración Pública (ENAP),https://www.gob.pe/enap,Por clasificar
Centro Nacional de Planeamiento Estratégico (CEPLAN),https://www.gob.pe/ceplan,Por clasificar
"Consejo Nacional de Ciencia, Tecnología e Innovación (CONCYTEC)",https://www.gob.pe/concytec,Por clasificar
Programa Nacional de Investigación Científica y Estudios Avanzados (PROCIENCIA),https://www.gob.pe/prociencia,Por clasificar
Instituto Nacional de Defensa de la Competencia y de la Protección de la Propiedad Intelectual (Indecopi),https://www.gob.pe/indecopi,Por clasificar
Instituto Nacional de Estadística e Informática (INEI),https://www.gob.pe/inei,Por clasificar
Proyecto Especial Legado (Legado),https://www.gob.pe/proyectolegado,Por clasificar
"Proyecto Especial “secretaría Técnica de Apoyo A la Comisión Ad Hoc, Creada Por El Decreto Supremo Nº 006-2012-ef” (Fonavi-ST)",https://www.gob.pe/fonavi-st,Por clasificar
Autoridad Nacional Autónoma para El Desarrollo Estratégico e Integral del Terminal Portuario Multipropósito de Chancay (ANA-CHANCAY),https://www.gob.pe/anachancay,Por clasificar
Proyecto de Transformación Digital con Equidad (PROTDE),https://www.gob.pe/protde,Por clasificar
Comisión de Alto Nivel Anticorrupción (CAN),https://www.gob.pe/can,Por clasificar
Comisión Encargada de Proponer las Acciones y Medidas de Reforma Administrativa y de Gestión para la Reorganización del Despacho Presidencial (CRDP),https://www.gob.pe/comisiondespachopresidencial,Por clasificar
Empresa Nacional de la Coca S.A. (ENACO S.A.),https://www.gob.pe/enaco,Por clasificar
Empresa Peruana de Servicios Editoriales S.A. (Editora Perú),https://www.gob.pe/editoraperu,Por clasificar
Programa de Mejor Atención Al Ciudadano - Mac (MAC),https://www.gob.pe/mac,Por clasificar
Mejoramiento de Servicios A Ciudadanos y Empresas (PROMSACE),https://www.gob.pe/promsace,Por clasificar
Ministerio de Relaciones Exteriores (RREE),https://www.gob.pe/rree,Por clasificar
Web de Ministerio de Relaciones Exteriores,http://www.gob.pe/rree,Por clasificar
Agencia Peruana de Cooperación Internacional (APCI),https://www.gob.pe/apci,Por clasificar
Embajada del Perú en Alemania (E-Alemania),https://www.gob.pe/embajada-del-peru-en-alemania,Por clasificar
Consulado General del Perú en Munich (C-Munich),https://www.gob.pe/consulado-del-peru-en-munich,Por clasificar
Consulado General del Perú en Hamburgo (C-Hamburgo),https://www.gob.pe/consulado-del-peru-en-hamburgo,Por clasificar
Consulado General del Perú en Frankfurt (C-Frankfurt),https://www.gob.pe/consulado-del-peru-en-frankfurt,Por clasificar
Sección Consular de la Embajada del Perú en la República Federal de Alemania (C-Alemania),https://www.gob.pe/seccion-consular-republica-federal-de-alemania,Por clasificar
Embajada del Perú en Arabia Saudita (E-Arabia Saudita),https://www.gob.pe/embajada-del-peru-en-arabia-saudita,Por clasificar
Embajada del Perú en Argelia (E-Argelia),https://www.gob.pe/embajada-del-peru-en-argelia,Por clasificar
Embajada del Perú en Argentina (E-Argentina),https://www.gob.pe/embajada-del-peru-en-argentina,Por clasificar
Consulado General del Perú en Mendoza (C-Mendoza),https://www.gob.pe/consulado-del-peru-en-mendoza,Por clasificar
Consulado General del Perú en Buenos Aires (C-BuenosAires),https://www.gob.pe/consulado-del-peru-en-buenos-aires,Por clasificar
Consulado General del Perú en la Plata (C-LaPlata),https://www.gob.pe/consulado-del-peru-en-la-plata,Por clasificar
Consulado General del Perú en Córdoba (C-Córdoba),https://www.gob.pe/consulado-del-peru-en-cordoba,Por clasificar
Embajada del Perú en Australia (E-Australia),https://www.gob.pe/embajada-del-peru-en-australia,Por clasificar
Embajada del Perú en Austria (E-Austria),https://www.gob.pe/embajada-del-peru-en-austria,Por clasificar
Sección Consular de la Embajada del Perú en la República de Austria (C-Austria),https://www.gob.pe/seccion-consular-republica-de-austria,Por clasificar
Consulado del Perú en Sucre (C-Sucre),https://www.gob.pe/consulado-del-peru-en-sucre,Por clasificar
Embajada del Perú en Bolivia (E-Bolivia),https://www.gob.pe/embajada-del-peru-en-bolivia,Por clasificar
Consulado General del Perú en la Paz (C-La-Paz),https://www.gob.pe/consulado-del-peru-en-la-paz,Por clasificar
Embajada del Perú en Brasil (E-Brasil),https://www.gob.pe/embajada-del-peru-en-brasil,Por clasificar
Embajada del Perú en Bélgica y Misión Ante la Unión Europea (E-Belgica),https://www.gob.pe/embajada-del-peru-en-belgica,Por clasificar
Embajada del Perú en Canadá (E-Canadá),https://www.gob.pe/embajada-del-peru-en-canada,Por clasificar
Sección Consular de la Embajada del Perú en Canadá (C-Ottawa),https://www.gob.pe/seccion-consular-canada,Por clasificar
Embajada del Perú en Chile (E-Chile),https://www.gob.pe/embajada-del-peru-en-chile,Por clasificar
Consulado General del Perú en Santiago (C-Santiago),https://www.gob.pe/consulado-del-peru-en-santiago,Por clasificar
Consulado General del Perú en Arica (C-Arica),https://www.gob.pe/consulado-del-peru-en-arica,Por clasificar
Consulado General del Perú en Iquique (C-Iquique),https://www.gob.pe/consulado-del-peru-en-iquique,Por clasificar
Embajada del Perú en China (E-China),https://www.gob.pe/embajada-del-peru-en-china,Por clasificar
Embajada del Perú en Colombia (E-Colombia),https://www.gob.pe/embajada-del-peru-en-colombia,Por clasificar
Consulado General del Perú en Bogotá (C-Bogotá),https://www.gob.pe/consulado-del-peru-en-bogota,Por clasificar
Consulado General del Perú en Leticia (C-Leticia),https://www.gob.pe/consulado-del-peru-en-leticia,Por clasificar
Consulado General del Perú en Medellín (C-Medellin),https://www.gob.pe/consulado-del-peru-en-medellin,Por clasificar
Embajada del Perú en Corea (E-Corea),https://www.gob.pe/embajada-del-peru-en-corea,Por clasificar
Sección Consular de la Embajada del Perú en la República de Costa Rica (C-Costa Rica),https://www.gob.pe/seccion-consular-republica-de-costa-rica,Por clasificar
Embajada del Perú en Costa Rica (E-CostaRica),https://www.gob.pe/embajada-del-peru-en-costa-rica,Por clasificar
Embajada del Perú en Cuba (E-Cuba),https://www.gob.pe/embajada-del-peru-en-cuba,Por clasificar
Sección Consular de la Embajada del Perú en la República de Cuba (C-Cuba),https://www.gob.pe/seccion-consular-republica-de-cuba,Por clasificar
Embajada del Perú en Ecuador (E-Ecuador),https://www.gob.pe/embajada-del-peru-en-ecuador,Por clasificar
Consulado General del Perú en Loja (C-Loja),https://www.gob.pe/consulado-del-peru-en-loja,Por clasificar
Consulado General del Perú en Quito (C-Quito),https://www.gob.pe/consulado-del-peru-en-quito,Por clasificar
Consulado General del Perú en Guayaquil (C-Guayaquil),https://www.gob.pe/consulado-del-peru-en-guayaquil,Por clasificar
Embajada del Perú en Egipto (E-Egipto),https://www.gob.pe/embajada-del-peru-en-egipto,Por clasificar
Embajada del Perú en El Salvador (E-ElSalvador),https://www.gob.pe/embajada-del-peru-en-el-salvador,Por clasificar
Embajada del Perú en España (E-España),https://www.gob.pe/embajada-del-peru-en-espana,Por clasificar
Consulado General del Perú en Barcelona (C-Barcelona),https://www.gob.pe/consulado-del-peru-en-barcelona,Por clasificar
Embajada del Perú en Estados Unidos (E-EstadosUnidos),https://www.gob.pe/embajada-del-peru-en-estados-unidos,Por clasificar
Consulado General del Perú en San Francisco (C-San Francisco),https://www.gob.pe/consulado-del-peru-en-san-francisco,Por clasificar
Consulado General del Perú en Paterson (C-Paterson),https://www.gob.pe/consulado-del-peru-en-paterson,Por clasificar
Representación Permanente del Perú Ante la Onu (rpponu),https://www.gob.pe/rpponu,Por clasificar
Consulado General del Perú en Chicago (C-Chicago),https://www.gob.pe/consulado-del-peru-en-chicago,Por clasificar
Consulado General del Perú en Dallas (C-Dallas),https://www.gob.pe/consulado-del-peru-en-dallas,Por clasificar
Consulado General del Perú en Orlando (C-Orlando),https://www.gob.pe/consulado-del-peru-en-orlando,Por clasificar
Embajada del Perú en Francia (E-Francia),https://www.gob.pe/embajada-del-peru-en-francia,Por clasificar
Sección Consular de la Embajada del Perú en la República de Ghana (C-Ghana),https://www.gob.pe/seccion-consular-republica-de-ghana,Por clasificar
Embajada del Perú en Ghana (E-Ghana),https://www.gob.pe/embajada-del-peru-en-ghana,Por clasificar
Embajada del Perú en Grecia (E-Grecia),https://www.gob.pe/embajada-del-peru-en-grecia,Por clasificar
Sección Consular de la Embajada del Perú en la República de Guatemala (C-Guatemala),https://www.gob.pe/seccion-consular-republica-de-guatemala,Por clasificar
Embajada del Perú en Honduras (E-Honduras),https://www.gob.pe/embajada-del-peru-en-honduras,Por clasificar
Sección Consular de la Embajada del Perú en la República de Honduras (C-Honduras),https://www.gob.pe/seccion-consular-republica-de-honduras,Por clasificar
Embajada del Perú en Hungría (E-Hungría),https://www.gob.pe/embajada-del-peru-en-hungria,Por clasificar
Sección Consular de la Embajada del Perú en Hungría (C-Hungría),https://www.gob.pe/seccion-consular-hungria,Por clasificar
Embajada del Perú en India (E-India),https://www.gob.pe/embajada-del-peru-en-india,Por clasificar
Sección Consular de la Embajada del Perú en la República de la India (C-India),https://www.gob.pe/seccion-consular-republica-de-la-india,Por clasificar
Embajada del Perú en Indonesia (E-Indonesia),https://www.gob.pe/embajada-del-peru-en-indonesia,Por clasificar
Sección Consular de la Embajada del Perú en Malasia (C-Malasia),https://www.gob.pe/seccion-consular-malasia,Por clasificar
Sección Consular de la Embajada del Perú en la República de Indonesia (C-Indonesia),https://www.gob.pe/seccion-consular-republica-de-indonesia,Por clasificar
Embajada del Perú en Irlanda (E-Irlanda),https://www.gob.pe/embajada-del-peru-en-irlanda,Por clasificar
Sección Consular de la Embajada del Perú en Irlanda (C-Irlanda),https://www.gob.pe/seccion-consular-irlanda,Por clasificar
Embajada del Perú en Israel (E-Israel),https://www.gob.pe/embajada-del-peru-en-israel,Por clasificar
Sección Consular de la Embajada del Perú en El Estado de Israel (C-Israel),https://www.gob.pe/seccion-consular-estado-de-israel,Por clasificar
Embajada del Perú en Italia (E-Italia),https://www.gob.pe/embajada-del-peru-en-italia,Por clasificar
Embajada del Perú en Japón (E-Japón),https://www.gob.pe/embajada-del-peru-en-japon,Por clasificar
Embajada del Perú en Kuwait (E-Kuwait),https://www.gob.pe/embajada-del-peru-en-kuwait,Por clasificar
Sección Consular de la Embajada del Perú en El Estado de Kuwait (C-Kuwait),https://www.gob.pe/seccion-consular-estado-de-kuwait,Por clasificar
Embajada del Perú en Malasia (E-Malasia),https://www.gob.pe/embajada-del-peru-en-malasia,Por clasificar
Embajada del Perú en Marruecos (E-Marruecos),https://www.gob.pe/embajada-del-peru-en-marruecos,Por clasificar
Sección Consular de la Embajada del Perú en El Reino de Marruecos (C-Marruecos),https://www.gob.pe/seccion-consular-reino-de-marruecos,Por clasificar
Embajada del Perú en México (E-México),https://www.gob.pe/embajada-del-peru-en-mexico,Por clasificar
Embajada del Perú en Nicaragua (E-Nicaragua),https://www.gob.pe/embajada-del-peru-en-nicaragua,Por clasificar
Sección Consular de la Embajada del Perú en la República de Nicaragua (C-Nicaragua),https://www.gob.pe/seccion-consular-republica-de-nicaragua,Por clasificar
Embajada del Perú en Nueva Zelanda (E-Nueva Zelanda),https://www.gob.pe/embajada-del-peru-en-nueva-zelanda,Por clasificar
Embajada del Perú en Panamá (E-Panamá),https://www.gob.pe/embajada-del-peru-en-panama,Por clasificar
Embajada del Perú en Paraguay (E-Paraguay),https://www.gob.pe/embajada-del-peru-en-paraguay,Por clasificar
Sección Consular de la Embajada del Perú en la República del Paraguay (C-Paraguay),https://www.gob.pe/seccion-consular-republica-del-paraguay,Por clasificar
Embajada del Perú en Países Bajos (E-PaisesBajos),https://www.gob.pe/embajada-del-peru-en-paises-bajos,Por clasificar
Embajada del Perú en Polonia (E-Polonia),https://www.gob.pe/embajada-del-peru-en-polonia,Por clasificar
Embajada del Perú en Portugal (E-Portugal),https://www.gob.pe/embajada-del-peru-en-portugal,Por clasificar
Embajada del Perú en Qatar (E-Qatar),https://www.gob.pe/embajada-del-peru-en-qatar,Por clasificar
Embajada del Perú en Reino Unido (E-Reino Unido),https://www.gob.pe/embajada-del-peru-en-reino-unido,Por clasificar
Embajada del Perú en República Checa (E-RepúblicaCheca),https://www.gob.pe/embajada-del-peru-en-republica-checa,Por clasificar
Embajada del Perú en República Dominicana (E-RepúblicaDominicana),https://www.gob.pe/embajada-del-peru-en-republica-dominicana,Por clasificar
Sección Consular de la Embajada del Perú en Rumanía (C-Rumanía),https://www.gob.pe/seccion-consular-rumania,Por clasificar
Embajada del Perú en Rumania (E-Rumania),https://www.gob.pe/embajada-del-peru-en-rumania,Por clasificar
Embajada del Perú en Rusia (E-Rusia),https://www.gob.pe/embajada-del-peru-en-rusia,Por clasificar
Embajada del Perú en Santa Sede (E-SantaSede),https://www.gob.pe/embajada-del-peru-en-santa-sede,Por clasificar
Embajada del Perú en Singapur (E-Singapur),https://www.gob.pe/embajada-del-peru-en-singapur,Por clasificar
Embajada del Perú en Sudáfrica (E-Sudáfrica),https://www.gob.pe/embajada-del-peru-en-sudafrica,Por clasificar
Sección Consular de la Embajada del Perú en la República de Sudáfrica (C-Sudáfrica),https://www.gob.pe/seccion-consular-republica-de-sudafrica,Por clasificar
Embajada del Perú en Suecia (E-Suecia),https://www.gob.pe/embajada-del-peru-en-suecia,Por clasificar
Sección Consular de la Embajada del Perú en El Reino de Suecia (C-Suecia),https://www.gob.pe/seccion-consular-reino-de-suecia,Por clasificar
Embajada del Perú en Suiza (E-Suiza),https://www.gob.pe/embajada-del-peru-en-suiza,Por clasificar
Representación Permanente del Perú Ante los Organismos Internacionales con Sede en Ginebra (RPPOOII),https://www.gob.pe/rppooii,Por clasificar
Embajada del Perú en Tailandia (E-Tailandia),https://www.gob.pe/embajada-del-peru-en-tailandia,Por clasificar
Sección Consular de la Embajada del Perú en El Reino de Tailandia (C-Tailandia),https://www.gob.pe/seccion-consular-reino-de-tailandia,Por clasificar
Embajada del Perú en Trinidad y Tobago (E-Trinidad y Tobago),https://www.gob.pe/embajada-del-peru-en-trinidad-y-tobago,Por clasificar
Embajada del Perú en Türkiye (E-Türkiye),https://www.gob.pe/embajada-del-peru-en-turquia,Por clasificar
Embajada del Perú en Venezuela (E-Venezuela),https://www.gob.pe/embajada-del-peru-en-venezuela,Por clasificar
Embajada del Perú en Vietnam (E-Vietnam),https://www.gob.pe/embajada-del-peru-en-vietnam,Por clasificar
Ministerio de Defensa (MINDEF),https://www.gob.pe/mindef,Por clasificar
Web de Ministerio de Defensa,http://www.gob.pe/mindef,Por clasificar
Agencia de Compras de las Fuerzas Armadas (ACFFAA),https://www.gob.pe/acffaa,Por clasificar
"Centro Nacional de Estimación, Prevención y Reducción del Riesgo de Desastres (CENEPRED)",https://www.gob.pe/cenepred,Por clasificar
Comisión Nacional de Investigación y Desarrollo Aeroespacial (CONIDA),https://www.gob.pe/conida,Por clasificar
Escuela Nacional de Marina Mercante (ENAMM),https://www.gob.pe/enamm,Por clasificar
Instituto Geográfico Nacional (IGN),https://www.gob.pe/ign,Por clasificar
Instituto Nacional de Defensa Civil (INDECI),https://www.gob.pe/indeci,Por clasificar
Instituto de Trasplantes de Órganos y Tejidos de las Fuerzas Armadas y Policía Nacional del Perú (ITOT),https://www.gob.pe/itot,Por clasificar
Oficina Previsional de las Fuerzas Armadas (OPREFA),https://www.gob.pe/oprefa,Por clasificar
Comando Conjunto de las Fuerzas Armadas (CCFFAA),https://www.gob.pe/ccffaa,Por clasificar
Ejército del Perú (EP),https://www.gob.pe/ejercito,Por clasificar
Hospital Militar Central Luis Arias Schreiber (HMC),https://www.gob.pe/hmc,Por clasificar
Fuerza Aérea del Perú (FAP),https://www.gob.pe/fap,Por clasificar
Marina de Guerra del Perú (MGP),https://www.gob.pe/marina,Por clasificar
Comité de Prevención y Control VIH/SIDA FFAA y PNP (COPRECOS),https://www.gob.pe/comite-de-prevencion-y-control-vih-sida-ffaa-y-pnp,Por clasificar
Benemérita Sociedad Fundadores de la Independencia (BSFI),https://www.gob.pe/bsfi,Por clasificar
Servicios Industriales de la Marina Iquitos S.R.L. (SIMA-Iquitos S.R.L.),https://www.gob.pe/simaiquitos,Por clasificar
Servicios Industriales de la Marina S.A. (SIMA-PERÚ S.A.),https://www.gob.pe/servicios-industriales-de-la-marina-s-a,Por clasificar
Ministerio de Economía y Finanzas (MEF),https://www.gob.pe/mef,Por clasificar
Web de Ministerio de Economía y Finanzas,https://www.mef.gob.pe/es,Por clasificar
Agencia de Promoción de la Inversión Privada (PROINVERSION),https://www.gob.pe/proinversion,Por clasificar
Central de Compras Públicas (PERÚ COMPRAS),https://www.gob.pe/perucompras,Por clasificar
Oficina de Normalización Previsional (ONP),https://www.gob.pe/onp,Por clasificar
Unidad Ejecutora 003 Proyecto de Transformacion Digital de la Onp (ONP Digital ),https://www.gob.pe/https:%2F%2Fwww.gob.pe%2Fue003-onp,Por clasificar
Unidad Ejecutora 003:proyecto de Transformacion Digital de la Onp (ONP Dgital),https://www.gob.pe/onpdigital,Por clasificar
Organismo Especializado para las Contrataciones Públicas Eficientes (OECE),https://www.gob.pe/oece,Por clasificar
Superintendencia Nacional de Aduanas y de Administración Tributaria (SUNAT),https://www.gob.pe/sunat,Por clasificar
Superintendencia del Mercado de Valores (SMV),https://www.gob.pe/smv,Por clasificar
Fondo Nacional de Financiamiento de la Actividad Empresarial del Estado (FONAFE),https://www.gob.pe/fondo-nacional-de-financiamiento-de-la-actividad-empresarial-del-estado,Por clasificar
Banco Agropecuario (Agrobanco),https://www.gob.pe/agrobanco,Por clasificar
Banco de la Nación (BN),https://www.gob.pe/bn,Por clasificar
Corporación Financiera de Desarrollo S.A. (COFIDE),https://www.gob.pe/cofide,Por clasificar
Ministerio del Interior (MININTER),https://www.gob.pe/mininter,Por clasificar
Cuerpo General de Bomberos Voluntarios del Perú (CGBVP),https://www.gob.pe/cuerpo-general-de-bomberos-voluntarios-del-peru,Por clasificar
Dirección General de Gobierno Interior (DGIN),https://www.gob.pe/dgin,Por clasificar
Intendencia Nacional de Bomberos del Perú (INBP),https://www.gob.pe/inbp,Por clasificar
"Superintendencia Nacional de Control de Servicios de Seguridad, Armas, Municiones y Explosivos de Uso Civil (SUCAMEC)",https://www.gob.pe/sucamec,Por clasificar
Superintendencia Nacional de Migraciones (MIGRACIONES),https://www.gob.pe/migraciones,Por clasificar
Fondo de Aseguramiento en Salud de la Policía Nacional del Perú (SALUDPOL),https://www.gob.pe/saludpol,Por clasificar
Fondo de Vivienda Policial (FOVIPOL),https://www.gob.pe/fovipol,Por clasificar
Policía Nacional del Perú (PNP),https://www.gob.pe/pnp,Por clasificar
Unidad Ejecutora N° 037: Perú Seguro 2025 (PS2025),https://www.gob.pe/peruseguro2025,Por clasificar
Ministerio de Justicia y Derechos Humanos (MINJUSDH),https://www.gob.pe/minjus,Por clasificar
Web de Ministerio de Justicia y Derechos Humanos,http://www.gob.pe/minjus,Por clasificar
Consejo para la Reforma del Sistema de Justicia (CRSJ),https://www.gob.pe/consejo-de-justicia,Por clasificar
Procuraduría General del Estado (Procuraduría),https://www.gob.pe/procuraduria,Por clasificar
Superintendencia Nacional de los Registros Públicos (SUNARP),https://www.gob.pe/sunarp,Por clasificar
Instituto Nacional Penitenciario - Dirección Regional Altiplano Puno (INPE - DRAP),https://www.gob.pe/inpe-drap,Por clasificar
Instituto Nacional Penitenciario - Dirección Regional Centro (INPE-DRC),https://www.gob.pe/inpe-drc,Por clasificar
Instituto Nacional Penitenciario - Dirección Regional Nor Oriente San Martín (INPE-DRNOSM),https://www.gob.pe/inpe-drnosm,Por clasificar
Instituto Nacional Penitenciario - Dirección Regional Oriente Pucallpa (INPE-OROP),https://www.gob.pe/inpe-orop,Por clasificar
INPE - Oficina Regional Sur (INPE - ORS),https://www.gob.pe/inpe-oficina-regional-sur,Por clasificar
Instituto Nacional Penitenciario - Oficina Regional Sur Oriente Cusco (INPE - ORSO - CUSCO),https://www.gob.pe/instituto-nacional-penitenciario-oficina-regional-sur-oriente-cusco,Por clasificar
Instituto Nacional Penitenciario (INPE),https://www.gob.pe/inpe,Por clasificar
Oficina de Infraestructura Penitenciaria (OIP),https://www.gob.pe/inpe-oip,Por clasificar
Oficina Regional Norte Chiclayo - INPE (INPE - DRN CHICLAYO),https://www.gob.pe/oficina-regional-norte-chiclayo-inpe,Por clasificar
Instituto Nacional Penitenciario - Oficina Regional Lima (INPE-ORL),https://www.gob.pe/inpe-orl,Por clasificar
Programa Modernización del Sistema de Administración de Justicia No Penal - Minjusdh (PMSAJ - MINJUSDH),https://www.gob.pe/pmsaj-minjusdh,Por clasificar
Programa Nacional de Enseñanza Legal para la Inclusión Social (PRONELIS),https://www.gob.pe/programa-nacional-de-ensenanza-legal-para-la-inclusion-social,Por clasificar
Programa Nacional de Bienes Incautados (PRONABI),https://www.gob.pe/pronabi,Por clasificar
Programa Nacional de Centros Juveniles (PRONACEJ),https://www.gob.pe/pronacej,Por clasificar
Programa de Mejoramiento de los Servicios de Justicia en Materia Penal en El Perú - Minjusdh (PMSJPP Minjusdh),https://www.gob.pe/pmsjp-minjusdh,Por clasificar
Autoridad Nacional de Protección de Datos Personales (ANPD),https://www.gob.pe/anpd,Por clasificar
Autoridad Nacional de Transparencia y Acceso A la Información Pública (ANTAIP),https://www.gob.pe/antaip,Por clasificar
Tribunal de Transparencia y Acceso A la Información Pública (TTAIP),https://www.gob.pe/ttaip,Por clasificar
Ministerio de Educación (MINEDU),https://www.gob.pe/minedu,Por clasificar
Web de Ministerio de Educación,http://www.gob.pe/minedu,Por clasificar
Iest de Investigaciones Industriales (INDII),https://www.gob.pe/istdeinvestigacionesindustriales,Por clasificar
Secretaría Nacional de la Juventud (Senaju),https://www.gob.pe/senaju,Por clasificar
Instituto Peruano del Deporte (IPD),https://www.gob.pe/ipd,Por clasificar
Superintendencia Nacional de Educación Superior Universitaria (SUNEDU),https://www.gob.pe/sunedu,Por clasificar
Centro Vacacional Huampani (CV HUAMPANI),https://www.gob.pe/huampani,Por clasificar
Dirección Regional de Educación Lima Metropolitana (DRE Lima Metropolitana),https://www.gob.pe/regionlima-drelm,Por clasificar
Unidad de Gestión Educativa Local N° 01 San Juan de Miraflores (UGEL San Juan de Miraflores),https://www.gob.pe/ugelsanjuandemiraflores,Por clasificar
Unidad de Gestión Educativa Local Nº 05 (UGEL 05),https://www.gob.pe/ugel05,Por clasificar
Unidad de Gestión Educativa Local N° 02 (UGEL 02),https://www.gob.pe/ugel02,Por clasificar
Unidad de Gestión Educativa Local Nº 03 (UGEL Nº 03),https://www.gob.pe/ugel03,Por clasificar
Unidad de Gestión Educativa Local Nº 04 (UGEL 04),https://www.gob.pe/ugel04,Por clasificar
Unidad de Gestión Educativa Local Nº 07 (UGEL 07),https://www.gob.pe/ugel07,Por clasificar
Unidad de Gestión Educativa Local Nº 06 (UGEL 06),https://www.gob.pe/ugel06,Por clasificar
"Sistema Nacional de Evaluación, Acreditación y Certificación de la Calidad Educativa (SINEACE)",https://www.gob.pe/sineace,Por clasificar
Dirección de Gestión de Recursos Educativos (DIGERE),https://www.gob.pe/digere,Por clasificar
Proyecto Especial de Inversión Pública Escuelas Bicentenario (PEIP Escuelas Bicentenario),https://www.gob.pe/escuelasbicentenario,Por clasificar
Universidad Nacional Autónoma de Bellas Artes del Perú (UNABAP),https://www.gob.pe/unabap,Por clasificar
Escuela Nacional Superior de Ballet (ENSB),https://www.gob.pe/ensb,Por clasificar
Unidad Ejecutora 118: Mejoramiento de la Calidad de la Educación Básica y Superior (UE118),https://www.gob.pe/ue118,Por clasificar
Unidad Ejecutora 304 Educación Pachitea (UGEL Pachitea),https://www.gob.pe/unidad-ejecutora-304-educacion-pachitea-ugel-pachitea,Por clasificar
Unidad de Gestión Educativa Local Huamalíes (UGEL Huamalíes),https://www.gob.pe/ugelhuamalies,Por clasificar
Unidad Ejecutora 309 Educación UGEL Sucre (UGEL Sucre),https://www.gob.pe/ugelsucre,Por clasificar
Consejo Nacional de Educación (CNE),https://www.gob.pe/cne,Por clasificar
Fondo Nacional de Desarrollo de la Educación Peruana (FONDEP),https://www.gob.pe/fondep,Por clasificar
Programa Nacional de Alfabetización (PNA),https://www.gob.pe/programa-nacional-de-alfabetizacion,Por clasificar
Programa Nacional de Becas y Crédito Educativo (PRONABEC),https://www.gob.pe/pronabec,Por clasificar
Programa Nacional de Infraestructura Educativa (PRONIED),https://www.gob.pe/pronied,Por clasificar
Unidad de Gestión Educativa Local - Huancayo,https://www.gob.pe/unidad-de-gestion-educativa-local-huancayo,Por clasificar
Unidad de Gestión Educativa Local Azángaro,https://www.gob.pe/unidad-de-gestion-educativa-local-azangaro,Por clasificar
Unidad de Gestión Educativa Local de Moho,https://www.gob.pe/unidad-de-gestion-educativa-local-de-moho,Por clasificar
Unidad de Gestión Educativa Local General Sánchez Cerro (UGEL Gral. SC),https://www.gob.pe/ugel-general-sanchez-cerro,Por clasificar
Unidad de Gestión Educativa Local San Pablo (UGEL San Pablo),https://www.gob.pe/ugelsanpablo,Por clasificar
Unidad de Gestión Educativa Local Tarma (UGEL Tarma),https://www.gob.pe/ugeltarma,Por clasificar
Unidad de Gestión Educativa Local Bolívar (UGEL   Bolívar),https://www.gob.pe/unidad-de-gestion-educativa-local-bolivar-ugel-bolivar,Por clasificar
Unidad de Gestión Educativa Local Casma (UGEL Casma),https://www.gob.pe/ugelcasma,Por clasificar
Unidad de Gestión Educativa Local Cutervo (UGEL Cutervo),https://www.gob.pe/ugelcutervo,Por clasificar
Unidad de Gestión Educativa Local la Mar (UGEL La Mar VRAE),https://www.gob.pe/ugellamar-vrae,Por clasificar
Unidad de Gestión Educativa Local Mariscal Cáceres - Juanjui (UGEL MCJ),https://www.gob.pe/ugelmariscalcaceres,Por clasificar
Unidad de Gestión Educativa Local N° 14 (UGEL 14 Oyón),https://www.gob.pe/unidad-de-gestion-educativa-local-n-14-ugel14-oyon,Por clasificar
Unidad de Gestión Educativa Local N°04 Trujillo Sur Este (UGEL 04 TSE),https://www.gob.pe/ugel04tse,Por clasificar
Unidad de Gestión Educativa Local Pallasca (UGEL Pallasca),https://www.gob.pe/unidad-de-gestion-educativa-local-pallasca-ugel-pallasca,Por clasificar
Unidad de Gestión Educativa Local Pangoa (UGEL Pangoa),https://www.gob.pe/ugelpangoa,Por clasificar
Unidad de Gestión Educativa Local Paucartambo (UGEL - Paucartambo),https://www.gob.pe/ugelpaucartambo,Por clasificar
Unidad de Gestión Educativa Local Sandia (UGEL Sandia),https://www.gob.pe/ugelsandia,Por clasificar
Unidad de Gestión Educativa Local Virú (UGEL Virú),https://www.gob.pe/ugelviru,Por clasificar
Unidad de Gestión Educativa Local de Atalaya (UGEL   Atalaya),https://www.gob.pe/ugelatalaya,Por clasificar
Unidad de Gestión Educativa Local de Julcan (UGEL Julcan),https://www.gob.pe/ugeljulcan,Por clasificar
Unidad de Gestión Educativa Local de Pacasmayo (UGEL Pacasmayo),https://www.gob.pe/unidad-de-gestion-educativa-local-de-pacasmayo-ugel-pacasmayo,Por clasificar
Unidad de Gestión Educativa Local de Sánchez Carrión (UGEL Sánchez Carrión),https://www.gob.pe/unidad-de-gestion-educativa-local-de-sanchez-carrion-ugel-sanchez-carrion,Por clasificar
Unidad de Gestión Educativa Local Chucuito (UGEL Ch),https://www.gob.pe/ugelchucuito,Por clasificar
Ministerio de Educación UGEL Huancané (UGEL Huancané),https://www.gob.pe/ugelhuancane,Por clasificar
Ministerio de Salud (MINSA),https://www.gob.pe/minsa,Por clasificar
Web de Ministerio de Salud,http://www.gob.pe/minsa,Por clasificar
Instituto Nacional de Enfermedades Neoplásicas (INEN),https://www.gob.pe/inen,Por clasificar
Instituto Nacional de Salud (INS),https://www.gob.pe/ins,Por clasificar
Ue 004 - Fortalecimiento del Sistema Nacional de Vigilancia en Salud Pública (UE004),https://www.gob.pe/fsnvs,Por clasificar
Seguro Integral de Salud (SIS),https://www.gob.pe/sis,Por clasificar
Superintendencia Nacional de Salud (SUSALUD),https://www.gob.pe/susalud,Por clasificar
Fondo Intangible Solidario de Salud (FISSAL),https://www.gob.pe/fissal,Por clasificar
Centro Nacional de Abastecimiento de Recursos Estratégicos en Salud (CENARES),https://www.gob.pe/cenares,Por clasificar
Dirección de Redes Integradas de Salud Lima Centro (DIRIS LC),https://www.gob.pe/dirislimacentro,Por clasificar
Dirección de Redes Integradas de Salud Lima Norte (DIRIS LN),https://www.gob.pe/dirislimanorte,Por clasificar
Dirección de Redes Integradas de Salud Lima Sur (DIRIS LS),https://www.gob.pe/dirislimasur,Por clasificar
Dirección de Redes Integradas de Salud Lima Este (DIRIS LE),https://www.gob.pe/dirislimaeste,Por clasificar
Escuela Nacional de Salud Pública (ENSAP),https://www.gob.pe/ensap,Por clasificar
Red Integrada de Salud Pataz (RS Pataz),https://www.gob.pe/rspataz,Por clasificar
Instituto Nacional Materno Perinatal (INMP),https://www.gob.pe/inmp,Por clasificar
Instituto Nacional de Ciencias Neurológicas (INCN),https://www.gob.pe/instituto-nacional-de-ciencias-neurologicas,Por clasificar
Instituto Nacional de Oftalmología (INO),https://www.gob.pe/ino,Por clasificar
Instituto Nacional de Rehabilitación (INR),https://www.gob.pe/inr,Por clasificar
Instituto Nacional de Salud Mental Honorio Delgado-hideyo Noguchi (INSMHDHN),https://www.gob.pe/insm,Por clasificar
Instituto Nacional de Salud del Niño de Breña (INSN),https://www.gob.pe/insn,Por clasificar
Instituto Nacional de Salud del Niño de San Borja (INSNSB),https://www.gob.pe/insnsb,Por clasificar
Hospital de Emergencias Villa El Salvador (HEVES),https://www.gob.pe/heves,Por clasificar
Hospital de Huaycán (HH),https://www.gob.pe/hospitalhuaycan,Por clasificar
Hospital Regional José Alfredo Mendoza Olavarría Ii-2 (Hospital JAMO II-2),https://www.gob.pe/hrjt,Por clasificar
Hospital Antonio Lorena Cusco (HAL CUSCO),https://www.gob.pe/hospital-antonio-lorena-cusco-hal-cusco,Por clasificar
Hospital Belén de Trujillo (HBT),https://www.gob.pe/hbt,Por clasificar
Hospital Carlos Lanfranco la Hoz (HCLLH),https://www.gob.pe/hcllh,Por clasificar
Hospital Nacional Cayetano Heredia (HNCH),https://www.gob.pe/hnch,Por clasificar
Hospital de Chancay y Sbs Dr. Hidalgo Atoche López (HCHC),https://www.gob.pe/hchancay,Por clasificar
Hospital Departamental de Huancavelica (HDH),https://www.gob.pe/hdhvca,Por clasificar
Hospital Emergencia Ate Vitarte (HEAV),https://www.gob.pe/heav,Por clasificar
Hospital Huacho y Red de Salud Huaura Oyón (HHRSHO),https://www.gob.pe/hdhuacho,Por clasificar
Hospital Iii Regional Honorio Delgado (HRHD),https://www.gob.pe/hrhd,Por clasificar
Hospital Iquitos César Garayar García (HAI),https://www.gob.pe/hospital-iquitos-cesar-garayar-garcia-h-a-i,Por clasificar
Hospital José Agurto Tello de Chosica (HJATCH),https://www.gob.pe/hjatch,Por clasificar
Hospital la Caleta (HLC),https://www.gob.pe/hospital-la-caleta-hlc-hlc,Por clasificar
Hospital María Auxiliadora (HMA),https://www.gob.pe/hma,Por clasificar
Hospital Nacional Arzobispo Loayza (HNAL),https://www.gob.pe/hospitalloayza,Por clasificar
Hospital Nacional Daniel Alcides Carrión (HNDAC),https://www.gob.pe/hndac,Por clasificar
Hospital Nacional Docente Madre Niño San Bartolomé (HNDMNSB),https://www.gob.pe/honadomani-sb,Por clasificar
Hospital Nacional Dos de Mayo (HNDM),https://www.gob.pe/hndosdemayo,Por clasificar
Hospital Nacional General (Hospital General),https://www.gob.pe/hngeneral,Por clasificar
Hospital Nacional Hipólito Unanue (HNHU),https://www.gob.pe/hnhu,Por clasificar
Hospital Nacional Sergio E. Bernales (HNSEB - MINSA),https://www.gob.pe/hnseb,Por clasificar
Hospital Nacional Víctor Larco Herrera (HVLH),https://www.gob.pe/hnlarcoherrera,Por clasificar
Hospital Regional Docente de Trujillo (HRDT),https://www.gob.pe/hrdocente-trujillo,Por clasificar
Hospital Regional Eleazar Guzmán Barrón (HEGB),https://www.gob.pe/hospital-regional-eleazar-guzman-barron,Por clasificar
Hospital Regional Guillermo Díaz de la Vega (HRGDV),https://www.gob.pe/hospital-regional-guillermo-diaz-de-la-vega-hrgdv,Por clasificar
Hospital Regional de Moquegua (HRM),https://www.gob.pe/hospitalmoquegua,Por clasificar
Hospital Regional Virgen de Fátima - Chachapoyas (HRVFCH),https://www.gob.pe/hrvfch,Por clasificar
Hospital Regional de Ayacucho (HRA),https://www.gob.pe/hrayacucho,Por clasificar
Hospital Regional de Ica (HRICA),https://www.gob.pe/hrica,Por clasificar
Hospital Regional de Loreto Fsai (HRL),https://www.gob.pe/hospital-regional-de-loreto,Por clasificar
Hospital Rezola Cañete (HRC),https://www.gob.pe/hospital-rezola-canete-hrc,Por clasificar
Hospital San Juan de Lurigancho (HSJL),https://www.gob.pe/hsjl,Por clasificar
Hospital Santa Rosa (HSR),https://www.gob.pe/hsr,Por clasificar
Hospital de Apoyo de Nasca (HAN),https://www.gob.pe/hospital-de-apoyo-de-nasca-han,Por clasificar
Hospital de Baja Complejidad Vitarte (HBCV),https://www.gob.pe/hbcv,Por clasificar
Hospital de Emergencias José Casimiro Ulloa (HEJCU),https://www.gob.pe/hejcu,Por clasificar
Hospital de Emergencias Pediátricas (HEP),https://www.gob.pe/hep,Por clasificar
Hospital de Tingo María (HTM),https://www.gob.pe/hospitaltingomaria,Por clasificar
Hospital Ii-1 Moyobamba (HII-1M),https://www.gob.pe/hospitalmoyobamba,Por clasificar
Hospital de Apoyo de Yungay (HAYU),https://www.gob.pe/hayungay,Por clasificar
Hospital Hermilio Valdizán (HHV),https://www.gob.pe/hhv,Por clasificar
Hospital Regional Daniel Alcides Carrión (HRDAC),https://www.gob.pe/hrdac-cerrodepasco,Por clasificar
Hospital de Lima Este - Vitarte (HLEV),https://www.gob.pe/hlev,Por clasificar
Minsa Móvil (MINSAM),https://www.gob.pe/minsamovil,Por clasificar
Red de Servicios de Salud Cusco Norte (RSSCN),https://www.gob.pe/redcusconorte,Por clasificar
Unidad Ejecutora Red de Salud de San Miguel (UERSSAMI),https://www.gob.pe/uerssanmiguel,Por clasificar
Programa Nacional de Inversiones en Salud (PRONIS),https://www.gob.pe/pronis,Por clasificar
Programa Creación de Redes Integradas de Salud (PCRIS),https://www.gob.pe/pcris,Por clasificar
Ministerio de Desarrollo Agrario y Riego (MIDAGRI),https://www.gob.pe/midagri,Por clasificar
Web de Ministerio de Desarrollo Agrario y Riego,http://www.gob.pe/minagri,Por clasificar
Autoridad Nacional del Agua (ANA),https://www.gob.pe/ana,Por clasificar
Unidad Ejecutora 002 - Modernización de la Gestión de los Recursos Hídricos (UE002-MGRH),https://www.gob.pe/ue002-recursoshidricos,Por clasificar
Instituto Nacional de Innovación Agraria (INIA),https://www.gob.pe/inia,Por clasificar
Servicio Nacional Forestal y de Fauna Silvestre (SERFOR),https://www.gob.pe/serfor,Por clasificar
Unidad Ejecutora 003: Fomento y Gestión Sostenible de la Producción Forestal en El Perú (KFW),https://www.gob.pe/kfw,Por clasificar
Servicio Nacional de Sanidad Agraria del Perú (SENASA),https://www.gob.pe/senasa,Por clasificar
Agromercado (Agromercado),https://www.gob.pe/agromercado,Por clasificar
Proyecto Especial Alto Huallaga (PEAH),https://www.gob.pe/peah,Por clasificar
Proyecto Especial Binacional Lago Titicaca (PEBLT),https://www.gob.pe/peblt,Por clasificar
Proyecto Especial Binacional Puyango Tumbes (PEBPT),https://www.gob.pe/pebpt,Por clasificar
Proyecto Especial Datem del Marañón Alto Amazonas Loreto Condorcanqui (PEDAMAALC),https://www.gob.pe/pedamaalc,Por clasificar
Proyecto Especial Binacional Desarrollo Integral de la Cuenca del Río Putumayo (PEBDICP),https://www.gob.pe/pebdicp,Por clasificar
Proyecto Especial Jaén San Ignacio Bagua (PEJSIB),https://www.gob.pe/pejsib,Por clasificar
Proyecto Especial Jequetepeque Zaña (PEJEZA),https://www.gob.pe/pejeza,Por clasificar
Proyecto Especial Pichis Palcazú (PEPP),https://www.gob.pe/pepp,Por clasificar
Proyecto Especial Sierra Centro Sur (PESCS),https://www.gob.pe/pescs,Por clasificar
"Proyecto Especial de Desarrollo del Valle de los Ríos Apurímac, Ene y Mantaro (PROVRAEM)",https://www.gob.pe/provraem,Por clasificar
Unidad Ejecutora Fondo Sierra Azul (UEFSA),https://www.gob.pe/sierraazul,Por clasificar
Unidad Ejecutora de Gestión de Proyectos Sectoriales (UEGPS),https://www.gob.pe/uegps,Por clasificar
Programa Nacional de Innovación Agraria (PNIA),https://www.gob.pe/pnia,Por clasificar
Programa Subsectorial de Irrigaciones (PSI),https://www.gob.pe/psi,Por clasificar
Programa de Compensaciones para la Competitividad (AGROIDEAS),https://www.gob.pe/agroideas,Por clasificar
Programa de Desarrollo Productivo Agrario Rural (AGRO RURAL),https://www.gob.pe/agrorural,Por clasificar
Nec - Proyecto Avanzar Rural (NECAR),https://www.gob.pe/avanzarrural,Por clasificar
Ministerio de Trabajo y Promoción del Empleo (MTPE),https://www.gob.pe/mtpe,Por clasificar
Web de Ministerio de Trabajo y Promoción del Empleo,http://www.gob.pe/mtpe,Por clasificar
Superintendencia Nacional de Fiscalización Laboral (SUNAFIL),https://www.gob.pe/sunafil,Por clasificar
Seguro Social de Salud (EsSalud),https://www.gob.pe/essalud,Por clasificar
Red Asistencial Ayacucho (RAAY),https://www.gob.pe/red-asistencial-ayacucho,Por clasificar
Central de Abastecimiento de Bienes Estratégicos (CEABE),https://www.gob.pe/ceabe,Por clasificar
Centro Nacional de Salud Renal (CNSR),https://www.gob.pe/cnsr,Por clasificar
Centro Nacional de Telemedicina (CENATE),https://www.gob.pe/cenate,Por clasificar
Direccion de Red de Salud Lima Ciudad (DRSLC),https://www.gob.pe/direccion-de-red-de-salud-lima-ciudad,Por clasificar
Dirección de Red de Salud Lima Este Metropolitana (DRSLEM),https://www.gob.pe/direccion-de-red-de-salud-lima-este-metropolitana,Por clasificar
Dirección de Red de Salud Lima Norte V Rímac- Smp- los Olivos (Red Rimac L.N.V),http://www.reddesaludrimac.gob.pe/transparencia/transparencia.html,Por clasificar
Dirección de Salud Ii Lima Sur (DISA II L.S.),https://www.gob.pe/direccion-de-salud-ii-lima-sur,Por clasificar
Dirección de Salud Iv Lima Este (DISA IV LIMA ESTE),https://www.gob.pe/direccion-de-salud-iv-lima-este,Por clasificar
Dirección de Salud V Lima Ciudad (DISA V LC),https://www.gob.pe/direccion-de-salud-v-lima-ciudad,Por clasificar
Red Asistencial Amazonas (DRAAM- AMAZONAS),https://www.gob.pe/red-asistencial-amazonas,Por clasificar
Red Asistencial Ancash (RA - ANCASH),https://www.gob.pe/red-asistencial-ancash,Por clasificar
Red Asistencial Apurimac (RAC - APURIMAC),https://www.gob.pe/red-asistencial-apurimac,Por clasificar
Red Asistencial Arequipa (RAAR - AREQUIPA),https://www.gob.pe/red-asistencial-arequipa,Por clasificar
Red Asistencial Cajamarca (RA - CAJAMARCA),https://www.gob.pe/red-asistencial-cajamarca,Por clasificar
Red Asistencial Cusco (RACU - CUSCO),https://www.gob.pe/red-asistencial-cusco,Por clasificar
Red Asistencial Huancavelica (RAHVC - HUANCAVELICA),https://www.gob.pe/red-asistencial-huancavelica,Por clasificar
Red Asistencial Huánuco (RAHU - HUANUCO),https://www.gob.pe/red-asistencial-huanuco,Por clasificar
Red Asistencial Huaraz (RA Huaraz),https://www.gob.pe/rahuaraz,Por clasificar
Red Asistencial Ica (RAICA),https://www.gob.pe/red-asistencial-ica,Por clasificar
Red Asistencial Juliaca (RAJUL),https://www.gob.pe/red-asistencial-juliaca,Por clasificar
Red Asistencial Junin (RAJUN),https://www.gob.pe/red-asistencial-junin,Por clasificar
Red Asistencial la Libertad (RALI),https://www.gob.pe/red-asistencial-la-libertad,Por clasificar
Red Asistencial Lambayeque (RAL),https://www.gob.pe/ral,Por clasificar
Red Asistencial Loreto (RALO),https://www.gob.pe/red-asistencial-loreto,Por clasificar
Red Asistencial Madre de Dios (RAMD),https://www.gob.pe/red-asistencial-madre-de-dios,Por clasificar
Red Asistencial Moquegua (RAMOQ),https://www.gob.pe/red-asistencial-moquegua,Por clasificar
Red Asistencial Moyobamba (RAM- MOYOBAMBA),https://www.gob.pe/red-asistencial-moyobamba,Por clasificar
Red Asistencial Pasco (RAP - PASCO),https://www.gob.pe/red-asistencial-pasco,Por clasificar
Red Asistencial Piura (RAPI- PIURA),https://www.gob.pe/red-asistencial-piura,Por clasificar
Red Asistencial Puno (RAPU- PUNO),https://www.gob.pe/red-asistencial-puno,Por clasificar
Red Asistencial Tacna (RAT - TACNA),https://www.gob.pe/red-asistencial-tacna,Por clasificar
Red Asistencial Tarapoto (RATAR - TARAPOTO),https://www.gob.pe/red-asistencial-tarapoto,Por clasificar
Red Asistencial Tumbes (RAT - TUMBES),https://www.gob.pe/red-asistencial-tumbes,Por clasificar
Red Asistencial Ucayali (RAUC - UCAYALI),https://www.gob.pe/red-asistencial-ucayali,Por clasificar
Red de Salud Barranco Chorrillos Surco (RSS BCO.CHO.SCO.),https://www.gob.pe/red-de-salud-barranco-chorrillos-surco,Por clasificar
Red de Salud San Juan de Lurigancho - Minsa (RSSJL- MINSA),https://www.gob.pe/red-de-salud-san-juan-de-lurigancho-minsa,Por clasificar
Red de Salud Villa El Salvador Lurin Pachacamac Pucusana (RSS.VES.LPP),https://www.gob.pe/red-de-salud-villa-el-salvador-lurin-pachacamac-pucusana,Por clasificar
Red Prestacional Almenara (RPA),https://www.gob.pe/rpalmenara,Por clasificar
Red Desconcentrada Rebagliati (RAS Rebagliati),https://www.gob.pe/rasrebagliati,Por clasificar
Red Desconcentrada Sabogal (RAS Sabogal),https://www.gob.pe/rassabogal,Por clasificar
Red Huacho (RH),https://www.gob.pe/red-huacho,Por clasificar
Direccion Red de Salud - San Juan de Miraflores - Villa Maria del Triunfo (DRS SJM VMT),https://www.gob.pe/direccion-red-de-salud-san-juan-de-miraflores-villa-maria-del-triunfo,Por clasificar
Instituto de Evaluación de Tecnologías en Salud e Investigación (IETSI),https://www.gob.pe/ietsi,Por clasificar
Instituto de Medicina Tradicional (IMET),https://www.gob.pe/imet,Por clasificar
Instituto Nacional Cardiovascular (INCOR - ESSALUD),https://www.gob.pe/incor,Por clasificar
Hospital Nacional Alberto Sabogal Sologuren (Hospital Sabogal),https://www.gob.pe/hnsabogal,Por clasificar
Centro de Salud San Juan Bautista (CSSJB),https://www.gob.pe/centrosaludsanjuanbautista,Por clasificar
"Programa Nacional de Empleo ""jóvenes Productivos"" (Jóvenes Productivos)",https://www.gob.pe/jovenes-productivos,Por clasificar
Programa para El Mejoramiento y Ampliación de los Servicios del Centro de Empleo (FORTALECE PERÚ),https://www.gob.pe/fortaleceperu,Por clasificar
Programa de Empleo Temporal - Llamkasun Perú (Llamkasun Perú),https://www.gob.pe/llamkasunperu,Por clasificar
Ministerio de la Producción (PRODUCE),https://www.gob.pe/produce,Por clasificar
Web de Ministerio de la Producción,http://www.gob.pe/produce,Por clasificar
Fondo Nacional de Desarrollo Pesquero (FONDEPES),https://www.gob.pe/fondepes,Por clasificar
Instituto Nacional de Calidad (INACAL),https://www.gob.pe/inacal,Por clasificar
Instituto Tecnológico de la Producción (ITP),https://www.gob.pe/itp,Por clasificar
Centro de Innovación Productiva y Transferencia Tecnológica de la Madera (CITEmadera),https://www.gob.pe/citemadera,Por clasificar
Centro de Innovación Productiva y Transferencia Tecnológica Agroindustrial Ica (CITEagroindustrial Ica),https://www.gob.pe/citeagroindustrialica,Por clasificar
"Centro de Innovación Productiva y Transferencia Tecnológica del Cuero, Calzado, Textil, Confecciones e Industrias Conexas (CITEccal Lima)",https://www.gob.pe/citeccal,Por clasificar
Centro de Innovación Productiva y Transferencia Tecnológica de Cuero y Calzado de Trujillo (CITEccal Trujillo),https://www.gob.pe/citeccal-trujillo,Por clasificar
Centro de Innovación Productiva y Transferencia Tecnológica Acuícola Puno (CITEacuícola Puno ),https://www.gob.pe/citeacuicola_puno,Por clasificar
Centro de Innovación Productiva y Transferencia Tecnológica Pesquero Ilo (CITEpesquero Ilo),https://www.gob.pe/citepesquero_ilo,Por clasificar
Centro de Innovación Productiva y Transferencia Tecnológica Agroindustrial Majes ( CITEagroindustrial Majes),https://www.gob.pe/citeagroindustrial_majes,Por clasificar
Centro de Innovación Productiva y Transferencia Tecnológica Agroindustrial Huallaga (CITEagroindustrial Huallaga),https://www.gob.pe/citeagroindustrial_huallaga,Por clasificar
Centro de Innovación Productiva y Transferencia Tecnológica Agroindustrial Chavimochic (CITEagroindustrial Chavimochic),https://www.gob.pe/citeagroindustrial-chavimochic,Por clasificar
Centro de Innovación Productiva y Transferencia Tecnológica Agroindustrial Oxapampa (CITEagroindustrial Oxapampa),https://www.gob.pe/citeagroindustrial-oxapampa,Por clasificar
Centro de Innovación Productiva y Transferencia Tecnológica Textil Camélidos Arequipa (CITEtextil Camélidos Arequipa),https://www.gob.pe/citetextilcamelidos-arequipa,Por clasificar
Centro de Innovación Productiva y Transferencia Tecnológica de Cuero y Calzado Arequipa (CITEccal Arequipa),https://www.gob.pe/citeccal-arequipa,Por clasificar
Centro de Innovación Productiva y Transferencia Tecnológica Textil Camélidos Puno (CITEtextil Camélidos Puno),https://www.gob.pe/citetextilcamelidos-puno,Por clasificar
Centro de Innovación Productiva y Transferencia Tecnológica Forestal Maynas (CITEforestal),https://www.gob.pe/citeforestal,Por clasificar
Centro de Innovación Productiva y Transferencia Tecnológica Pesquero Piura (CITEpesquero),https://www.gob.pe/citepesquero,Por clasificar
Centro de Innovación Productiva y Transferencia Tecnológica Productivo Maynas (CITEproductivo Maynas),https://www.gob.pe/citeproductivo-maynas,Por clasificar
Centro de Innovación Productiva y Transferencia Tecnológica Productivo San Martín (CITEproductivo San Martín),https://www.gob.pe/citeproductivo-sanmartin,Por clasificar
Centro de Innovación Productiva y Transferencia Tecnológica Agroindustrial Moquegua (CITEagroindustrial Moquegua),https://www.gob.pe/citeagroindustrialmoquegua,Por clasificar
Centro de Innovación Productiva y Transferencia Tecnológica Productivo Pucallpa (CITEproductivo Pucallpa),https://www.gob.pe/citeproductivo-pucallpa,Por clasificar
Centro de Innovación Productiva y Transferencia Tecnológica Textil Camélidos Cusco (CITEtextil Camélidos Cusco),https://www.gob.pe/citetextilcamelidos-cusco,Por clasificar
Centro de Innovación Productiva y Transferencia Tecnológica Productivo Madre de Dios (CITEproductivo Madre de Dios),https://www.gob.pe/citeproductivo-madrededios,Por clasificar
Centro de Innovación Productiva y Transferencia Tecnológica Forestal Pucallpa (CITEFP),https://www.gob.pe/citeforestal-pucallpa,Por clasificar
Centro de Innovación Productiva y Transferencia Tecnológica Agroindustrial Vraem (CITEagroindustrial Vraem),https://www.gob.pe/citeagroindustrial-vraem,Por clasificar
"Centro de Innovación Productiva y Transferencia Tecnológica Pesquero, Acuícola y Agroindustrial Callao (CITE Callao)",https://www.gob.pe/citecallao,Por clasificar
Instituto del Mar del Perú (IMARPE),https://www.gob.pe/imarpe,Por clasificar
Autoridad Nacional de Sanidad e Inocuidad en Pesca y Acuicultura (Sanipes),https://www.gob.pe/sanipes,Por clasificar
"Programa Nacional ""tu Empresa"" (PNTE)",https://www.gob.pe/tuempresa,Por clasificar
Programa Nacional A Comer Pescado (PNACP),https://www.gob.pe/acomerpescado,Por clasificar
Programa Nacional de Innovación y Desarrollo Productivo - Proinnóvate (PROINNOVATE),https://www.gob.pe/proinnovate,Por clasificar
Programa Nacional de Diversificación Productiva (PNDP),https://www.gob.pe/programa-nacional-de-diversificacion-productiva,Por clasificar
Programa Nacional Compras A Myperú (Compras a MYPErú),https://www.gob.pe/comprasamyperu,Por clasificar
Ministerio de Comercio Exterior y Turismo (MINCETUR),https://www.gob.pe/mincetur,Por clasificar
Web de Ministerio de Comercio Exterior y Turismo,http://www.gob.pe/mincetur,Por clasificar
Centro de Formación en Turismo (CENFOTUR),https://www.gob.pe/cenfotur,Por clasificar
Comisión de Promoción del Perú para la Exportación y El Turismo (PROMPERÚ),https://www.gob.pe/promperu,Por clasificar
Unidad Ejecutora de Inversión en Comercio Exterior y Turismo (UICET),https://www.gob.pe/uicet,Por clasificar
Ministerio de Energía y Minas (MINEM),https://www.gob.pe/minem,Por clasificar
Web de Ministerio de Energía y Minas,https://www.minem.gob.pe/index2.php,Por clasificar
Instituto Peruano de Energía Nuclear (IPEN),https://www.gob.pe/ipen,Por clasificar
Consejo de Administración de Recursos para la Capacitación en Electricidad (CARELEC),https://www.gob.pe/consejo-de-administracion-de-recursos-para-la-capacitacion-en-electricidad,Por clasificar
"Instituto Geológico, Minero y Metalúrgico (INGEMMET)",https://www.gob.pe/ingemmet,Por clasificar
Dirección General de Electrificación Rural (DGER),https://www.gob.pe/dger,Por clasificar
Activos Mineros S.a.c (AMSAC),https://www.gob.pe/amsac,Por clasificar
Empresa Regional de Servicio Publico de Electricidad de Puno S.a.a. (ELECTRO PUNO),https://www.gob.pe/electropuno,Por clasificar
Empresa Concesionaria de Electricidad de Ucayali S.A. (Electro Ucayali),https://www.gob.pe/electroucayali,Por clasificar
Empresa Regional de Servicio Público de Electricidad del Centro S.A. (ELECTROCENTRO),https://www.gob.pe/electrocentro,Por clasificar
Empresa Regional de Servicio Público de Electricidad del Norte S.A. (Electronorte S.A.),https://www.gob.pe/ensa,Por clasificar
Empresa Regional de Servicio Público de Electricidad del Oriente S.A. (Electro Oriente S.A.),https://www.gob.pe/elor,Por clasificar
Electro Sur Este S.a.a. (ELSE),https://www.gob.pe/electrosureste,Por clasificar
Empresa Regional de Servicio Público de Electricidad - Electrosur S.a (Electrosur S.A.),https://www.gob.pe/electrosur,Por clasificar
Empresa de Administración de Infraestructura Eléctrica S.A. (ADINELSA),https://www.gob.pe/adinelsa,Por clasificar
Empresa de Electricidad del Perú S.A. (ELECTROPERU),https://www.gob.pe/electroperu,Por clasificar
Empresa de Generación Eléctrica Machupicchu S.A. (EGEMSA),https://www.gob.pe/egemsa,Por clasificar
Empresa de Generación Eléctrica San Gabán S.A. (EGESG),https://www.gob.pe/egesg,Por clasificar
Empresa de Generación Eléctrica de Arequipa S.A. (EGASA),https://www.gob.pe/egasa,Por clasificar
Empresa de Generación Eléctrica del Sur S.A. (EGESUR),https://www.gob.pe/egesur,Por clasificar
Empresa Regional de Servicio Público de Electricidad Electronortemedio S.a (Hidrandina),https://www.gob.pe/hidrandina,Por clasificar
Empresa Regional de Servicio Público de Electricidad Electronoroeste Sociedad Anonima (ENOSA),https://www.gob.pe/enosa,Por clasificar
Petróleos del Perú (PETROPERU),https://www.gob.pe/petroperu,Por clasificar
Sociedad Eléctrica del Sur Oeste S.A. (SEAL),https://www.gob.pe/seal,Por clasificar
Empresa Minera del Centro del Perú S.A. (CENTROMIN),https://www.gob.pe/empresa-minera-del-centro-del-peru-s-a,Por clasificar
Perúpetro S.A. (PERUPETRO),https://www.gob.pe/perupetro,Por clasificar
Ministerio de Transportes y Comunicaciones (MTC),https://www.gob.pe/mtc,Por clasificar
Web de Ministerio de Transportes y Comunicaciones,http://www.gob.pe/mtc,Por clasificar
"Superintendencia de Transporte Terrestre de Personas, Carga y Mercancías (SUTRAN)",https://www.gob.pe/sutran,Por clasificar
Autoridad Portuaria Nacional (APN),https://www.gob.pe/apn,Por clasificar
Proyecto Especial de Infraestructura de Transporte Descentralizado (Provías Descentralizado),https://www.gob.pe/pvd,Por clasificar
Proyecto Especial de Infraestructura de Transporte Nacional (Provías Nacional),https://www.gob.pe/pvn,Por clasificar
Programa Nacional de Transporte Urbano Sostenible (PROMOVILIDAD),https://www.gob.pe/promovilidad,Por clasificar
Programa Nacional de Telecomunicaciones (Pronatel),https://www.gob.pe/pronatel,Por clasificar
Corporación Peruana de Aeropuertos y Aviación Comercial S.A. (CORPAC S.A.),https://www.gob.pe/corpac,Por clasificar
Empresa Nacional de Puertos S.A. (ENAPU S.A.),https://www.gob.pe/empresa-nacional-de-puertos-s-a,Por clasificar
Servicios Postales del Perú (SERPOST S.A.),https://www.gob.pe/serpost,Por clasificar
Autoridad de Transporte Urbano para Lima y Callao (ATU),https://www.gob.pe/atu,Por clasificar
"Ministerio de Vivienda, Construcción y Saneamiento (VIVIENDA)",https://www.gob.pe/vivienda,Por clasificar
"Web de Ministerio de Vivienda, Construcción y Saneamiento",http://www.gob.pe/vivienda,Por clasificar
Organismo de Formalización de la Propiedad Informal (COFOPRI),https://www.gob.pe/cofopri,Por clasificar
Servicio Nacional de Capacitación para la Industria de la Construcción (SENCICO),https://www.gob.pe/sencico,Por clasificar
Superintendencia Nacional de Bienes Estatales (SBN),https://www.gob.pe/sbn,Por clasificar
Organismo Técnico de la Administración de los Servicios de Saneamiento (OTASS),https://www.gob.pe/otass,Por clasificar
Empresa Prestadora de Servicios de Saneamiento Municipal de Utcubamba S.R.L. (EPSSMU S. A.),https://www.gob.pe/epssmusa,Por clasificar
Entidad Prestadora de Servicios de Saneamiento de Lambayeque (Epsel S.A.),https://www.gob.pe/epsel,Por clasificar
Empresa Prestadora de Servicios de Saneamiento Marañón (EPS Marañón S.A.),https://www.gob.pe/epsmaranon,Por clasificar
Entidad Prestadora de Servicios de Saneamiento Moquegua (EPS Moquegua S.A.),https://www.gob.pe/epsmoquegua,Por clasificar
Entidad Prestadora de Servicios de Saneamiento de Agua Potable y Alcantarillado de Loreto (EPS Sedaloreto S.A.),https://www.gob.pe/sedaloreto,Por clasificar
Programa de Modernización de la Prestación de los Servicios de Agua Potable y Saneamiento de las Eps (Promotass),https://www.gob.pe/promotass,Por clasificar
Programa Agua Segura para Lima y Callao (PASLC),https://www.gob.pe/programa-agua-segura-para-lima-y-callao,Por clasificar
Programa Nacional de Saneamiento Rural (PNSR),https://www.gob.pe/pnsr,Por clasificar
Programa Nacional de Saneamiento Urbano (PNSU),https://www.gob.pe/pnsu,Por clasificar
Programa Generación de Suelo Urbano (PGSU),https://www.gob.pe/pgsu,Por clasificar
Programa Mejoramiento Integral de Barrios (PMIB),https://www.gob.pe/pmib,Por clasificar
Programa Nacional de Vivienda Rural (PNVR),https://www.gob.pe/pnvr,Por clasificar
Programa Nuestras Ciudades (PNC),https://www.gob.pe/programa-nuestras-ciudades,Por clasificar
Fondo Mivivienda S.A. (FMV),https://www.gob.pe/fondomivivienda,Por clasificar
Servicio de Agua Potable y Alcantarillado de Lima (Sedapal),https://www.gob.pe/sedapal,Por clasificar
Ministerio de la Mujer y Poblaciones Vulnerables (MIMP),https://www.gob.pe/mimp,Por clasificar
Web de Ministerio de la Mujer y Poblaciones Vulnerables,http://www.gob.pe/mimp,Por clasificar
Consejo Nacional para la Integración de la Persona con Discapacidad (CONADIS),https://www.gob.pe/conadis,Por clasificar
Programa Integral Nacional para El Bienestar Familiar - Inabif (INABIF),https://www.gob.pe/inabif,Por clasificar
Programa Nacional para la Prevención y Erradicación de la Violencia Contra las Mujeres e Integrantes del Grupo Familiar (WarmiÑan),https://www.gob.pe/warmi%C3%B1an,Por clasificar
Ministerio del Ambiente (MINAM),https://www.gob.pe/minam,Por clasificar
Web de Ministerio del Ambiente,http://www.gob.pe/minam,Por clasificar
Instituto Geofísico del Perú (IGP),https://www.gob.pe/igp,Por clasificar
Servicio Nacional de Meteorología e Hidrología del Perú (SENAMHI),https://www.gob.pe/senamhi,Por clasificar
Instituto Nacional de Investigación en Glaciares y Ecosistemas de Montaña (INAIGEM),https://www.gob.pe/inaigem,Por clasificar
Instituto de Investigaciones de la Amazonía Peruana (IIAP),https://www.gob.pe/iiap,Por clasificar
Organismo de Evaluación y Fiscalización Ambiental (OEFA),https://www.gob.pe/oefa,Por clasificar
Servicio Nacional de Certificación Ambiental para las Inversiones Sostenibles (Senace),https://www.gob.pe/senace,Por clasificar
Servicio Nacional de Áreas Naturales Protegidas Por El Estado (SERNANP),https://www.gob.pe/sernanp,Por clasificar
Unidad Ejecutora 003 Gestión Integral de la Calidad Ambiental (UE003: GICA),https://www.gob.pe/gica,Por clasificar
Programa Minam+caf (PROGRAMA MINAM+CAF),https://www.gob.pe/unidad-ejecutora-004-gestion-de-los-recursos-naturales,Por clasificar
Programa Nacional de Conservación de Bosques para la Mitigación del Cambio Climático (PNCBMCC),https://www.gob.pe/bosques,Por clasificar
Ministerio de Cultura (Cultura),https://www.gob.pe/cultura,Por clasificar
Web de Ministerio de Cultura,http://www.gob.pe/cultura,Por clasificar
Archivo General de la Nación (AGN),https://www.gob.pe/agn,Por clasificar
Biblioteca Nacional del Perú (BNP),https://www.gob.pe/bnp,Por clasificar
Instituto Nacional de Radio y Televisión del Perú (IRTP),https://www.gob.pe/irtp,Por clasificar
Proyecto Especial Naylamp - Lambayeque (U.E. 005),https://www.gob.pe/naylamp,Por clasificar
Unidad Ejecutora 002 Mc-cusco (DDC-Cusco),https://www.gob.pe/culturacusco,Por clasificar
Unidad Ejecutora 003 - Zona Arqueológica Caral (UE003-ZAC/MC),https://www.gob.pe/caral,Por clasificar
Unidad Ejecutora 007: Marcahuamachuco (UE007),https://www.gob.pe/marcahuamachuco,Por clasificar
Unidad Ejecutora 008 Proyectos Especiales (UE008: PE),https://www.gob.pe/proyectosespeciales,Por clasificar
Dirección Desconcentrada de Cultura la Libertad (UE 009 - La Libertad),https://www.gob.pe/ddclalibertad,Por clasificar
Unidad Ejecutora 012: Chavín de Huántar (UE012-CDH),https://www.gob.pe/chavindehuantar,Por clasificar
"Ue 010 Chankillo, Cuna de la Astronomía en Casma y Nepeña (UE010-CHCACN)",https://www.gob.pe/chankillo,Por clasificar
Programa Puntos de Cultura,https://www.gob.pe/programa-puntos-de-cultura,Por clasificar
Proyecto Qhapaq - Sede Nacional (Qhapaqnan),https://www.gob.pe/proyecto-qhapaq-sede-nacional,Por clasificar
Ministerio de Desarrollo e Inclusión Social (MIDIS),https://www.gob.pe/midis,Por clasificar
Web de Ministerio de Desarrollo e Inclusión Social,http://www.gob.pe/midis,Por clasificar
Organismo de Focalización e Información Social (OFIS),https://www.gob.pe/ofis,Por clasificar
Unidad Ejecutora 002: Programa para El Fortalecimiento del Sistema Nacional de Focalización (UE02-PFSNF),https://www.gob.pe/ue02-pfsnf,Por clasificar
Fondo de Cooperación para El Desarrollo Social (FONCODES),https://www.gob.pe/foncodes,Por clasificar
Programa Nacional Cuna Más (PNCM),https://www.gob.pe/cunamas,Por clasificar
Programa Nacional Plataformas de Acción para la Inclusión Social (PAIS),https://www.gob.pe/pais,Por clasificar
Programa Nacional de Apoyo Directo A los Más Pobres - Juntos (JUNTOS),https://www.gob.pe/juntos,Por clasificar
Programa Nacional de Asistencia Solidaria Pensión 65 (PENSION 65),https://www.gob.pe/pension65,Por clasificar
Programa Nacional de Entrega de la Pensión No Contributiva A Personas con Discapacidad Severa en Situación de Pobreza - Contigo (CONTIGO),https://www.gob.pe/contigo,Por clasificar
Programa de Alimentación Escolar - Pae (PAE),https://www.gob.pe/pae,Por clasificar
Programa de Apoyo A la Internacionalización (PAI),https://www.gob.pe/programa-de-apoyo-a-la-internacionalizacion,Por clasificar
"Instituto de Educacion Superior Pedagogico Publico ""mercedes Cabello de Carbonera"" (IESPPMCC)",https://www.gob.pe/iesppmercedescabellodecarbonera,Por clasificar
Consolida Brasil,https://www.gob.pe/consolida-brasil,Por clasificar
Red Integrada de Salud Tarma (RIS Tarma),https://www.gob.pe/ristarma,Por clasificar
Universidad Nacional del Vraem (UNAVRAEM),https://www.gob.pe/unavraem,Por clasificar
Universidad Nacional Tecnológica de Chincha (UNATECH),https://www.gob.pe/unatech,Por clasificar
¿Qué es Gob.pe?,https://www.gob.pe/1021-que-es-gob-pe,Por clasificar
Política de privacidad para el manejo de datos en Gob.pe,https://www.gob.pe/institucion/pcm/informes-publicaciones/698037-politica-de-privacidad-de-gob-pe,Por clasificar
Directorio Nacional de Funcionarios Públicos,https://www.gob.pe/funcionariospublicos,Por clasificar
Directorio Nacional de Redes Sociales,https://www.gob.pe/redessociales,Por clasificar
Directorio de Establecimientos de Salud,https://www.gob.pe/establecimientosdesalud,Por clasificar
Directorio Nacional de Aeropuertos,https://www.gob.pe/aeropuertosperu,Por clasificar
